lag,T2,p_value,significant_0.05
2,21.29181216723064,2.379806974761589e-05,1
4,13.024021127610009,0.0014854900460790077,1
6,9.503226926664894,0.008637747265415774,1
8,7.566964988434856,0.022743349767796683,1
12,5.52292902691362,0.06319914455413245,0
18,4.142840819468808,0.12600667342604654,0
24,3.4912624990835734,0.17453477918614646,0
