{
  "dt_fixed": -50.2949,
  "analytic_optimum": {
    "dx_star": -3.4737459033898057,
    "dy_star": 1.8310998287664269,
    "J_at_star": 1.829971194099137
  },
  "historical_old_C4": {
    "dx": -3.688,
    "dy": 0.706,
    "J": 3.1428984611847253,
    "excess_over_optimum_m2": 1.3129272670855883,
    "relative_excess_pct": 71.7457887489819
  },
  "review_B_truth": {
    "dx": -3.474,
    "dy": 1.831,
    "J": 1.829971636558829,
    "match_with_analytic_pct": 2.4178505837841504e-05
  },
  "dy_1d_slice": {
    "dy_path": [
      0.5,
      0.54,
      0.58,
      0.62,
      0.66,
      0.7,
      0.74,
      0.78,
      0.8200000000000001,
      0.86,
      0.9,
      0.94,
      0.98,
      1.02,
      1.06,
      1.1,
      1.1400000000000001,
      1.1800000000000002,
      1.22,
      1.26,
      1.3,
      1.3399999999999999,
      1.38,
      1.42,
      1.46,
      1.5,
      1.54,
      1.58,
      1.62,
      1.66,
      1.7,
      1.74,
      1.78,
      1.82,
      1.86,
      1.9000000000000001,
      1.94,
      1.98,
      2.02,
      2.06,
      2.1
    ],
    "J_path": [
      3.649046297530469,
      3.5441251642594507,
      3.442404030988433,
      3.3438828977174144,
      3.2485617644463964,
      3.1564406311753777,
      3.06751949790436,
      2.9817983646333417,
      2.8992772313623236,
      2.8199560980913057,
      2.743834964820287,
      2.67091383154927,
      2.6011926982782514,
      2.534671565007233,
      2.4713504317362145,
      2.411229298465197,
      2.354308165194178,
      2.3005870319231603,
      2.2500658986521427,
      2.2027447653811247,
      2.1586236321101064,
      2.1177024988390882,
      2.07998136556807,
      2.045460232297052,
      2.0141390990260337,
      1.9860179657550157,
      1.9610968324839975,
      1.9393756992129794,
      1.9208545659419611,
      1.905533432670943,
      1.893412299399925,
      1.8844911661289068,
      1.8787700328578887,
      1.8762488995868705,
      1.8769277663158523,
      1.8808066330448343,
      1.8878854997738161,
      1.898164366502798,
      1.9116432332317799,
      1.928322099960762,
      1.9482009666897437
    ],
    "argmin_dy": 1.82,
    "argmin_J": 1.8762488995868705,
    "monotone_descent_to_min_from_dy_0.706": true
  },
  "diagnosis": "凸二次 J(Δx, Δy) 单极小 + dy 切片从 0.706 到 真极小 单调下降 → 原 Q2 §4.6.2 C4 (J*=3.139, dy=+0.706) 是 NM 早停, 不是真极小. 真值 (dy ≈ 1.83, J* ≈ 1.83) 与三审 B 解一致."
}