{
  "ess": {
    "N": 6948,
    "sum_rho_first_negative_truncation": 0.01748798237273373,
    "first_negative_lag": 2,
    "n_eff": 6713.19937531953,
    "rho_first_5": [
      0.012339382083562238,
      0.00514860028917149,
      -0.005468094716017441,
      -0.01342146682824489,
      -0.03439078708555949
    ],
    "nis_mean": 2.6971293068213544
  },
  "rts_vs_forward": {
    "forward_Pxx_mean": 0.08197498885864953,
    "forward_Pyy_mean": 0.08197498885864953,
    "rts_Pxx_mean": 0.02254909752330214,
    "rts_Pyy_mean": 0.02254909752330214,
    "rts_over_forward_xx": 0.2750728952483766,
    "rts_over_forward_yy": 0.2750728952483766
  },
  "bootstrap_joint": {
    "n_boot": 200,
    "std_dt": 0.45201374124062665,
    "std_dx": 0.022580299164787952,
    "std_dy": 0.020848106130205723,
    "corr_dt_dx": 0.42741000545499397,
    "corr_dt_dy": -0.30805595636227495,
    "corr_dx_dy": -0.12850143122614383,
    "cov_matrix": [
      [
        0.20431642227034819,
        0.00436240531405972,
        -0.0029030054905857354
      ],
      [
        0.00436240531405972,
        0.0005098699103713235,
        -6.0492880595921556e-05
      ],
      [
        -0.0029030054905857354,
        -6.0492880595921556e-05,
        0.0004346435292163215
      ]
    ],
    "corr_matrix": [
      [
        1.0,
        0.42741000545499397,
        -0.30805595636227495
      ],
      [
        0.42741000545499397,
        1.0,
        -0.12850143122614383
      ],
      [
        -0.30805595636227495,
        -0.12850143122614383,
        1.0000000000000002
      ]
    ]
  },
  "bootstrap_basin": {
    "n_total": 200,
    "n_in_main_basin": 200,
    "fraction_in_main_basin": 1.0,
    "max_abs_deviation_s": 1.2816145928070455,
    "dt_min": -366.091014592807,
    "dt_max": -364.07190435946984
  },
  "nis_mean": 2.6971293068213544,
  "nis_n": 6948,
  "bound_95_at_real_ess": 2.040154213629377,
  "deviation_in_sigma_units": 28.559336768635966
}